
{
  "header": {
    "reportVersion": 2,
    "event": "Allocation failed - JavaScript heap out of memory",
    "trigger": "FatalError",
    "filename": "report.20200615.151153.2788.0.001.json",
    "dumpEventTime": "2020-06-15T15:11:53Z",
    "dumpEventTimeStamp": "1592208713657",
    "processId": 2788,
    "threadId": null,
    "cwd": "E:\\LTCSDL-TH71-Nhom3\\OrderWeb\\OrderWeb\\ClientApp",
    "commandLine": [
      "node",
      "E:\\LTCSDL-TH71-Nhom3\\OrderWeb\\OrderWeb\\ClientApp\\node_modules\\.bin\\\\..\\@angular\\cli\\bin\\ng",
      "serve",
      "--port",
      "57682"
    ],
    "nodejsVersion": "v12.16.3",
    "wordSize": 64,
    "arch": "x64",
    "platform": "win32",
    "componentVersions": {
      "node": "12.16.3",
      "v8": "7.8.279.23-node.35",
      "uv": "1.34.2",
      "zlib": "1.2.11",
      "brotli": "1.0.7",
      "ares": "1.16.0",
      "modules": "72",
      "nghttp2": "1.40.0",
      "napi": "5",
      "llhttp": "2.0.4",
      "http_parser": "2.9.3",
      "openssl": "1.1.1g",
      "cldr": "36.0",
      "icu": "65.1",
      "tz": "2019c",
      "unicode": "12.1"
    },
    "release": {
      "name": "node",
      "lts": "Erbium",
      "headersUrl": "https://nodejs.org/download/release/v12.16.3/node-v12.16.3-headers.tar.gz",
      "sourceUrl": "https://nodejs.org/download/release/v12.16.3/node-v12.16.3.tar.gz",
      "libUrl": "https://nodejs.org/download/release/v12.16.3/win-x64/node.lib"
    },
    "osName": "Windows_NT",
    "osRelease": "10.0.17134",
    "osVersion": "Windows 10 Home Single Language",
    "osMachine": "x86_64",
    "cpus": [
      {
        "model": "Intel(R) Core(TM) i5-7200U CPU @ 2.50GHz",
        "speed": 2712,
        "user": 14527687,
        "nice": 0,
        "sys": 9507093,
        "idle": 52028906,
        "irq": 1076453
      },
      {
        "model": "Intel(R) Core(TM) i5-7200U CPU @ 2.50GHz",
        "speed": 2712,
        "user": 14078562,
        "nice": 0,
        "sys": 7648078,
        "idle": 54336828,
        "irq": 207781
      },
      {
        "model": "Intel(R) Core(TM) i5-7200U CPU @ 2.50GHz",
        "speed": 2712,
        "user": 15363406,
        "nice": 0,
        "sys": 8665921,
        "idle": 52034125,
        "irq": 117281
      },
      {
        "model": "Intel(R) Core(TM) i5-7200U CPU @ 2.50GHz",
        "speed": 2712,
        "user": 16489250,
        "nice": 0,
        "sys": 9251875,
        "idle": 50322343,
        "irq": 93234
      }
    ],
    "networkInterfaces": [
      {
        "name": "VirtualBox Host-Only Network",
        "internal": false,
        "mac": "0a:00:27:00:00:09",
        "address": "fe80::b106:60c0:ea87:74d3",
        "netmask": "ffff:ffff:ffff:ffff::",
        "family": "IPv6",
        "scopeid": 9
      },
      {
        "name": "VirtualBox Host-Only Network",
        "internal": false,
        "mac": "0a:00:27:00:00:09",
        "address": "192.168.56.1",
        "netmask": "255.255.255.0",
        "family": "IPv4"
      },
      {
        "name": "VirtualBox Host-Only Network #2",
        "internal": false,
        "mac": "0a:00:27:00:00:08",
        "address": "fe80::451e:72a4:98b2:7b5b",
        "netmask": "ffff:ffff:ffff:ffff::",
        "family": "IPv6",
        "scopeid": 8
      },
      {
        "name": "VirtualBox Host-Only Network #2",
        "internal": false,
        "mac": "0a:00:27:00:00:08",
        "address": "192.168.47.2",
        "netmask": "255.255.255.0",
        "family": "IPv4"
      },
      {
        "name": "Wi-Fi",
        "internal": false,
        "mac": "90:61:ae:b8:9d:bd",
        "address": "fe80::8490:5c39:30ca:bb1f",
        "netmask": "ffff:ffff:ffff:ffff::",
        "family": "IPv6",
        "scopeid": 22
      },
      {
        "name": "Wi-Fi",
        "internal": false,
        "mac": "90:61:ae:b8:9d:bd",
        "address": "192.168.0.112",
        "netmask": "255.255.255.0",
        "family": "IPv4"
      },
      {
        "name": "Loopback Pseudo-Interface 1",
        "internal": true,
        "mac": "00:00:00:00:00:00",
        "address": "::1",
        "netmask": "ffff:ffff:ffff:ffff:ffff:ffff:ffff:ffff",
        "family": "IPv6",
        "scopeid": 0
      },
      {
        "name": "Loopback Pseudo-Interface 1",
        "internal": true,
        "mac": "00:00:00:00:00:00",
        "address": "127.0.0.1",
        "netmask": "255.0.0.0",
        "family": "IPv4"
      }
    ],
    "host": "DESKTOP-8CB76R1"
  },
  "javascriptStack": {
    "message": "No stack.",
    "stack": [
      "Unavailable."
    ]
  },
  "nativeStack": [
    {
      "pc": "0x00007ff6b1172449",
      "symbol": ""
    },
    {
      "pc": "0x00007ff6b11769a9",
      "symbol": ""
    },
    {
      "pc": "0x00007ff6b1175828",
      "symbol": ""
    },
    {
      "pc": "0x00007ff6b12ad8c2",
      "symbol": ""
    },
    {
      "pc": "0x00007ff6b1ac9bbe",
      "symbol": ""
    },
    {
      "pc": "0x00007ff6b1ab1c91",
      "symbol": ""
    },
    {
      "pc": "0x00007ff6b197e1ec",
      "symbol": ""
    },
    {
      "pc": "0x00007ff6b1986171",
      "symbol": ""
    },
    {
      "pc": "0x00007ff6b197b743",
      "symbol": ""
    },
    {
      "pc": "0x00007ff6b1979db4",
      "symbol": ""
    },
    {
      "pc": "0x00007ff6b199afbd",
      "symbol": ""
    },
    {
      "pc": "0x00007ff6b1701871",
      "symbol": ""
    },
    {
      "pc": "0x00007ff6b1f16c4d",
      "symbol": ""
    },
    {
      "pc": "0x00007ff6b1ec3457",
      "symbol": ""
    },
    {
      "pc": "0x00007ff6b1e9bbfc",
      "symbol": ""
    },
    {
      "pc": "0x00007ff6b1e9bbfc",
      "symbol": ""
    },
    {
      "pc": "0x00007ff6b1e9bbfc",
      "symbol": ""
    },
    {
      "pc": "0x00007ff6b1e9bbfc",
      "symbol": ""
    },
    {
      "pc": "0x00007ff6b1e9bbfc",
      "symbol": ""
    },
    {
      "pc": "0x00007ff6b1e9bbfc",
      "symbol": ""
    },
    {
      "pc": "0x00007ff6b1e99131",
      "symbol": ""
    },
    {
      "pc": "0x00007ff6b1e98d1c",
      "symbol": ""
    },
    {
      "pc": "0x00007ff6b19d78a3",
      "symbol": ""
    },
    {
      "pc": "0x00007ff6b19d7226",
      "symbol": ""
    },
    {
      "pc": "0x00007ff6b1aa829d",
      "symbol": ""
    },
    {
      "pc": "0x00007ff6b12d679e",
      "symbol": ""
    },
    {
      "pc": "0x00007ff6b12d69d7",
      "symbol": ""
    },
    {
      "pc": "0x00007ff6b12d50ba",
      "symbol": ""
    },
    {
      "pc": "0x00007ff6b126479c",
      "symbol": ""
    },
    {
      "pc": "0x00007ff6b12d6433",
      "symbol": ""
    },
    {
      "pc": "0x00007ff6b1146a9c",
      "symbol": ""
    },
    {
      "pc": "0x00007ff6b1fced38",
      "symbol": ""
    },
    {
      "pc": "0x00007ffe895e3034",
      "symbol": "BaseThreadInitThunk+20"
    },
    {
      "pc": "0x00007ffe89c71431",
      "symbol": ""
    }
  ],
  "javascriptHeap": {
    "totalMemory": 3198976,
    "totalCommittedMemory": 3198976,
    "usedMemory": 2425680,
    "availableMemory": 2118071640,
    "memoryLimit": 2120220672,
    "heapSpaces": {
      "read_only_space": {
        "memorySize": 262144,
        "committedMemory": 262144,
        "capacity": 32808,
        "used": 32808,
        "available": 0
      },
      "new_space": {
        "memorySize": 1048576,
        "committedMemory": 1048576,
        "capacity": 1047456,
        "used": 1047448,
        "available": 8
      },
      "old_space": {
        "memorySize": 1191936,
        "committedMemory": 1191936,
        "capacity": 955712,
        "used": 953232,
        "available": 2480
      },
      "code_space": {
        "memorySize": 430080,
        "committedMemory": 430080,
        "capacity": 153152,
        "used": 153152,
        "available": 0
      },
      "map_space": {
        "memorySize": 266240,
        "committedMemory": 266240,
        "capacity": 239040,
        "used": 239040,
        "available": 0
      },
      "large_object_space": {
        "memorySize": 0,
        "committedMemory": 0,
        "capacity": 0,
        "used": 0,
        "available": 0
      },
      "code_large_object_space": {
        "memorySize": 0,
        "committedMemory": 0,
        "capacity": 0,
        "used": 0,
        "available": 0
      },
      "new_large_object_space": {
        "memorySize": 0,
        "committedMemory": 0,
        "capacity": 1047456,
        "used": 0,
        "available": 1047456
      }
    }
  },
  "resourceUsage": {
    "userCpuSeconds": 0.046,
    "kernelCpuSeconds": 0.046,
    "cpuConsumptionPercent": 9.2,
    "maxRss": 30605312,
    "pageFaults": {
      "IORequired": 7638,
      "IONotRequired": 0
    },
    "fsActivity": {
      "reads": 0,
      "writes": 6
    }
  },
  "libuv": [
  ],
  "workers": [
  ],
  "environmentVariables": {
    "=E:": "E:\\LTCSDL-TH71-Nhom3\\OrderWeb\\OrderWeb\\ClientApp",
    "ALLUSERSPROFILE": "C:\\ProgramData",
    "APPDATA": "C:\\Users\\HP\\AppData\\Roaming",
    "APP_POOL_CONFIG": "E:\\LTCSDL-TH71-Nhom3\\OrderWeb\\.vs\\OrderWeb\\config\\applicationhost.config",
    "APP_POOL_ID": "OrderWeb AppPool",
    "ASPNETCORE_ENVIRONMENT": "Development",
    "ASPNETCORE_HTTPS_PORT": "44387",
    "ASPNETCORE_IIS_HTTPAUTH": "anonymous;",
    "ASPNETCORE_IIS_PHYSICAL_PATH": "E:\\LTCSDL-TH71-Nhom3\\OrderWeb\\OrderWeb\\",
    "ASPNETCORE_STARTUP_SUSPEND_EVENT": "Global\\Launch1c18debd-682f-4e22-a725-9fba6f40eb72",
    "CommonProgramFiles": "C:\\Program Files\\Common Files",
    "CommonProgramFiles(x86)": "C:\\Program Files (x86)\\Common Files",
    "CommonProgramW6432": "C:\\Program Files\\Common Files",
    "COMPLUS_MDA": "managedDebugger",
    "COMPUTERNAME": "DESKTOP-8CB76R1",
    "ComSpec": "C:\\Windows\\system32\\cmd.exe",
    "DEV_ENVIRONMENT": "1",
    "dp0": "E:\\LTCSDL-TH71-Nhom3\\OrderWeb\\OrderWeb\\ClientApp\\node_modules\\.bin\\",
    "DriverData": "C:\\Windows\\System32\\Drivers\\DriverData",
    "FPS_BROWSER_APP_PROFILE_STRING": "Internet Explorer",
    "FPS_BROWSER_USER_PROFILE_STRING": "Default",
    "HOME": "C:\\Users\\HP",
    "HOMEDRIVE": "C:",
    "HOMEPATH": "\\Users\\HP",
    "IISEXPRESS_SITENAME": "OrderWeb",
    "IIS_BIN": "C:\\Program Files\\IIS Express",
    "IIS_DRIVE": "C:",
    "IIS_SITES_HOME": "C:\\Users\\HP\\Documents\\My Web Sites",
    "IIS_USER_HOME": "C:\\Users\\HP\\Documents\\IISExpress",
    "INIT_CWD": "E:\\LTCSDL-TH71-Nhom3\\OrderWeb\\OrderWeb\\ClientApp",
    "JAVA": "C:\\Progam Files\\JAVA",
    "JAVA_HOME": "C:\\Program Files\\Java\\jdk-14",
    "LAUNCHER_PATH": "E:\\LTCSDL-TH71-Nhom3\\OrderWeb\\OrderWeb\\bin\\Debug\\netcoreapp3.1\\OrderWeb.exe",
    "LOCALAPPDATA": "C:\\Users\\HP\\AppData\\Local",
    "LOGONSERVER": "\\\\DESKTOP-8CB76R1",
    "MOZ_PLUGIN_PATH": "C:\\Program Files (x86)\\Foxit Software\\Foxit Reader\\plugins\\",
    "MSBuildLoadMicrosoftTargetsReadOnly": "true",
    "NODE": "C:\\Program Files\\nodejs\\node.exe",
    "NODE_EXE": "C:\\Program Files\\nodejs\\\\node.exe",
    "NPM_CLI_JS": "C:\\Program Files\\nodejs\\\\node_modules\\npm\\bin\\npm-cli.js",
    "npm_config_access": "",
    "npm_config_allow_same_version": "",
    "npm_config_also": "",
    "npm_config_always_auth": "",
    "npm_config_argv": "{\"remain\":[\"--port\",\"57682\"],\"cooked\":[\"run\",\"start\",\"--\",\"--port\",\"57682\"],\"original\":[\"run\",\"start\",\"--\",\"--port\",\"57682\"]}",
    "npm_config_audit": "true",
    "npm_config_audit_level": "low",
    "npm_config_auth_type": "legacy",
    "npm_config_before": "",
    "npm_config_bin_links": "true",
    "npm_config_browser": "",
    "npm_config_ca": "",
    "npm_config_cache": "C:\\Users\\HP\\AppData\\Roaming\\npm-cache",
    "npm_config_cache_lock_retries": "10",
    "npm_config_cache_lock_stale": "60000",
    "npm_config_cache_lock_wait": "10000",
    "npm_config_cache_max": "Infinity",
    "npm_config_cache_min": "10",
    "npm_config_cafile": "",
    "npm_config_cert": "",
    "npm_config_cidr": "",
    "npm_config_color": "true",
    "npm_config_commit_hooks": "true",
    "npm_config_depth": "Infinity",
    "npm_config_description": "true",
    "npm_config_dev": "",
    "npm_config_dry_run": "",
    "npm_config_editor": "notepad.exe",
    "npm_config_engine_strict": "",
    "npm_config_fetch_retries": "2",
    "npm_config_fetch_retry_factor": "10",
    "npm_config_fetch_retry_maxtimeout": "60000",
    "npm_config_fetch_retry_mintimeout": "10000",
    "npm_config_force": "",
    "npm_config_format_package_lock": "true",
    "npm_config_fund": "true",
    "npm_config_git": "git",
    "npm_config_git_tag_version": "true",
    "npm_config_global": "",
    "npm_config_globalconfig": "C:\\Users\\HP\\AppData\\Roaming\\npm\\etc\\npmrc",
    "npm_config_globalignorefile": "C:\\Users\\HP\\AppData\\Roaming\\npm\\etc\\npmignore",
    "npm_config_global_style": "",
    "npm_config_group": "",
    "npm_config_ham_it_up": "",
    "npm_config_heading": "npm",
    "npm_config_https_proxy": "",
    "npm_config_if_present": "",
    "npm_config_ignore_prepublish": "",
    "npm_config_ignore_scripts": "",
    "npm_config_init_author_email": "",
    "npm_config_init_author_name": "",
    "npm_config_init_author_url": "",
    "npm_config_init_license": "ISC",
    "npm_config_init_module": "C:\\Users\\HP\\.npm-init.js",
    "npm_config_init_version": "1.0.0",
    "npm_config_json": "",
    "npm_config_key": "",
    "npm_config_legacy_bundling": "",
    "npm_config_link": "",
    "npm_config_local_address": "",
    "npm_config_loglevel": "notice",
    "npm_config_logs_max": "10",
    "npm_config_long": "",
    "npm_config_maxsockets": "50",
    "npm_config_message": "%s",
    "npm_config_metrics_registry": "https://registry.npmjs.org/",
    "npm_config_node_gyp": "C:\\Program Files\\nodejs\\node_modules\\npm\\node_modules\\node-gyp\\bin\\node-gyp.js",
    "npm_config_node_options": "",
    "npm_config_node_version": "12.16.3",
    "npm_config_noproxy": "",
    "npm_config_offline": "",
    "npm_config_onload_script": "",
    "npm_config_only": "",
    "npm_config_optional": "true",
    "npm_config_otp": "",
    "npm_config_package_lock": "true",
    "npm_config_package_lock_only": "",
    "npm_config_parseable": "",
    "npm_config_prefer_offline": "",
    "npm_config_prefer_online": "",
    "npm_config_prefix": "C:\\Users\\HP\\AppData\\Roaming\\npm",
    "npm_config_preid": "",
    "npm_config_production": "",
    "npm_config_progress": "true",
    "npm_config_proxy": "",
    "npm_config_read_only": "",
    "npm_config_rebuild_bundle": "true",
    "npm_config_registry": "https://registry.npmjs.org/",
    "npm_config_rollback": "true",
    "npm_config_save": "true",
    "npm_config_save_bundle": "",
    "npm_config_save_dev": "",
    "npm_config_save_exact": "",
    "npm_config_save_optional": "",
    "npm_config_save_prefix": "^",
    "npm_config_save_prod": "",
    "npm_config_scope": "",
    "npm_config_scripts_prepend_node_path": "warn-only",
    "npm_config_script_shell": "",
    "npm_config_searchexclude": "",
    "npm_config_searchlimit": "20",
    "npm_config_searchopts": "",
    "npm_config_searchstaleness": "900",
    "npm_config_send_metrics": "",
    "npm_config_shell": "C:\\Windows\\system32\\cmd.exe",
    "npm_config_shrinkwrap": "true",
    "npm_config_sign_git_commit": "",
    "npm_config_sign_git_tag": "",
    "npm_config_sso_poll_frequency": "500",
    "npm_config_sso_type": "oauth",
    "npm_config_strict_ssl": "true",
    "npm_config_tag": "latest",
    "npm_config_tag_version_prefix": "v",
    "npm_config_timing": "",
    "npm_config_tmp": "C:\\Users\\HP\\AppData\\Local\\Temp",
    "npm_config_umask": "0000",
    "npm_config_unicode": "",
    "npm_config_unsafe_perm": "true",
    "npm_config_update_notifier": "true",
    "npm_config_usage": "",
    "npm_config_user": "",
    "npm_config_userconfig": "C:\\Users\\HP\\.npmrc",
    "npm_config_user_agent": "npm/6.14.4 node/v12.16.3 win32 x64",
    "npm_config_version": "",
    "npm_config_versions": "",
    "npm_config_viewer": "browser",
    "npm_execpath": "C:\\Program Files\\nodejs\\node_modules\\npm\\bin\\npm-cli.js",
    "npm_lifecycle_event": "start",
    "npm_lifecycle_script": "ng serve \"--port\" \"57682\"",
    "npm_node_execpath": "C:\\Program Files\\nodejs\\node.exe",
    "npm_package_dependencies_aspnet_prerendering": "^3.0.1",
    "npm_package_dependencies_bootstrap": "^4.3.1",
    "npm_package_dependencies_core_js": "^3.3.3",
    "npm_package_dependencies_jquery": "3.4.1",
    "npm_package_dependencies_node_sass": "^4.12.0",
    "npm_package_dependencies_oidc_client": "^1.9.1",
    "npm_package_dependencies_popper_js": "^1.16.0",
    "npm_package_dependencies_protractor": "~5.4.2",
    "npm_package_dependencies_rxjs": "^6.5.3",
    "npm_package_dependencies_tslint": "~5.20.0",
    "npm_package_dependencies_ts_node": "~8.4.1",
    "npm_package_dependencies_zone_js": "0.9.1",
    "npm_package_dependencies__angular_animations": "8.2.12",
    "npm_package_dependencies__angular_common": "8.2.12",
    "npm_package_dependencies__angular_compiler": "8.2.12",
    "npm_package_dependencies__angular_core": "8.2.12",
    "npm_package_dependencies__angular_forms": "8.2.12",
    "npm_package_dependencies__angular_platform_browser": "8.2.12",
    "npm_package_dependencies__angular_platform_browser_dynamic": "8.2.12",
    "npm_package_dependencies__angular_platform_server": "8.2.12",
    "npm_package_dependencies__angular_router": "8.2.12",
    "npm_package_dependencies__nguniversal_module_map_ngfactory_loader": "8.1.1",
    "npm_package_description": "This project was generated with [Angular CLI](https://github.com/angular/angular-cli) version 6.0.0.",
    "npm_package_devDependencies_codelyzer": "^5.2.0",
    "npm_package_devDependencies_jasmine_core": "~3.5.0",
    "npm_package_devDependencies_jasmine_spec_reporter": "~4.2.1",
    "npm_package_devDependencies_karma": "^4.4.1",
    "npm_package_devDependencies_karma_chrome_launcher": "~3.1.0",
    "npm_package_devDependencies_karma_coverage_istanbul_reporter": "~2.1.0",
    "npm_package_devDependencies_karma_jasmine": "~2.0.1",
    "npm_package_devDependencies_karma_jasmine_html_reporter": "^1.4.2",
    "npm_package_devDependencies_typescript": "3.5.3",
    "npm_package_devDependencies__angular_cli": "8.3.14",
    "npm_package_devDependencies__angular_compiler_cli": "8.2.12",
    "npm_package_devDependencies__angular_devkit_build_angular": "^0.803.24",
    "npm_package_devDependencies__angular_language_service": "8.2.12",
    "npm_package_devDependencies__types_jasmine": "~3.4.4",
    "npm_package_devDependencies__types_jasminewd2": "~2.0.8",
    "npm_package_devDependencies__types_node": "~12.11.6",
    "npm_package_name": "orderweb",
    "npm_package_optionalDependencies_node_sass": "^4.12.0",
    "npm_package_optionalDependencies_protractor": "~5.4.2",
    "npm_package_optionalDependencies_tslint": "~5.20.0",
    "npm_package_optionalDependencies_ts_node": "~8.4.1",
    "npm_package_private": "true",
    "npm_package_readmeFilename": "README.md",
    "npm_package_scripts_build": "ng build",
    "npm_package_scripts_build_ssr": "ng run OrderWeb:server:dev",
    "npm_package_scripts_e2e": "ng e2e",
    "npm_package_scripts_lint": "ng lint",
    "npm_package_scripts_ng": "ng",
    "npm_package_scripts_start": "ng serve \"--port\" \"57682\"",
    "npm_package_scripts_test": "ng test",
    "npm_package_version": "0.0.0",
    "NPM_PREFIX_NPM_CLI_JS": "C:\\Users\\HP\\AppData\\Roaming\\npm\\node_modules\\npm\\bin\\npm-cli.js",
    "NUMBER_OF_PROCESSORS": "4",
    "OneDrive": "C:\\Users\\HP\\OneDrive",
    "OS": "Windows_NT",
    "Path": "C:\\Program Files\\nodejs\\node_modules\\npm\\node_modules\\npm-lifecycle\\node-gyp-bin;E:\\LTCSDL-TH71-Nhom3\\OrderWeb\\OrderWeb\\ClientApp\\node_modules\\.bin;C:\\Windows\\system32;C:\\Windows;C:\\Windows\\System32\\Wbem;C:\\Windows\\System32\\WindowsPowerShell\\v1.0\\;C:\\Windows\\System32\\OpenSSH\\;C:\\Windows\\system32\\config\\systemprofile\\.dnx\\bin;C:\\Program Files\\Microsoft DNX\\Dnvm\\;C:\\Program Files\\Microsoft SQL Server\\130\\Tools\\Binn\\;C:\\Program Files\\Java\\jdk-12.0.1\\bin\\;C:\\Program Files\\Microsoft SQL Server\\Client SDK\\ODBC\\110\\Tools\\Binn\\;C:\\Program Files (x86)\\Microsoft SQL Server\\120\\Tools\\Binn\\;C:\\Program Files\\Microsoft SQL Server\\120\\Tools\\Binn\\;C:\\Program Files\\Microsoft SQL Server\\120\\DTS\\Binn\\;C:\\Program Files (x86)\\Microsoft SQL Server\\120\\Tools\\Binn\\ManagementStudio\\;C:\\Program Files (x86)\\Microsoft SQL Server\\120\\DTS\\Binn\\;C:\\Program Files\\Git\\cmd;C:\\Program Files\\dotnet\\;C:\\Program Files\\Microsoft SQL Server\\Client SDK\\ODBC\\170\\Tools\\Binn\\;C:\\Program Files\\Microsoft SQL Server\\Client SDK\\ODBC\\130\\Tools\\Binn\\;C:\\Program Files\\nodejs\\;C:\\Users\\HP\\AppData\\Local\\Programs\\Python\\Python37-32\\Scripts\\;C:\\Users\\HP\\AppData\\Local\\Programs\\Python\\Python37-32\\;C:\\Users\\HP\\AppData\\Local\\Microsoft\\WindowsApps;C:\\Users\\HP\\AppData\\Local\\Programs\\Microsoft VS Code\\bin;C:\\Users\\HP\\AppData\\Roaming\\npm;C:\\Users\\HP\\AppData\\Local\\GitHubDesktop\\bin;C:\\Users\\HP\\.nuget\\packages\\microsoft.extensions.apidescription.server\\3.0.0\\tools;C:\\Users\\HP\\.nuget\\packages\\microsoft.entityframeworkcore.tools\\3.1.5\\tools;C:\\Users\\HP\\.nuget\\packages\\microsoft.entityframeworkcore.tools\\3.1.4\\tools",
    "PATHEXT": ".COM;.EXE;.BAT;.CMD;.VBS;.VBE;.JSE;.WSF;.WSH;.MSC;.CPL",
    "PkgDefApplicationConfigFile": "C:\\Users\\HP\\AppData\\Local\\Microsoft\\VisualStudio\\16.0_80cd036f\\devenv.exe.config",
    "PROCESSOR_ARCHITECTURE": "AMD64",
    "PROCESSOR_IDENTIFIER": "Intel64 Family 6 Model 142 Stepping 9, GenuineIntel",
    "PROCESSOR_LEVEL": "6",
    "PROCESSOR_REVISION": "8e09",
    "ProgramData": "C:\\ProgramData",
    "ProgramFiles": "C:\\Program Files",
    "ProgramFiles(x86)": "C:\\Program Files (x86)",
    "ProgramW6432": "C:\\Program Files",
    "PROMPT": "$P$G",
    "PSModulePath": "C:\\Program Files\\WindowsPowerShell\\Modules;C:\\Users\\HP\\Documents\\WindowsPowerShell\\Modules;C:\\Program Files (x86)\\WindowsPowerShell\\Modules;C:\\Windows\\system32\\WindowsPowerShell\\v1.0\\Modules;C:\\Program Files (x86)\\Microsoft SQL Server\\120\\Tools\\PowerShell\\Modules\\",
    "PUBLIC": "C:\\Users\\Public",
    "ServiceHubLogSessionKey": "F4371498",
    "SESSIONNAME": "Console",
    "SystemDrive": "C:",
    "SystemRoot": "C:\\Windows",
    "TEMP": "C:\\Users\\HP\\AppData\\Local\\Temp",
    "ThreadedWaitDialogDpiContext": "-2",
    "TMP": "C:\\Users\\HP\\AppData\\Local\\Temp",
    "USERDOMAIN": "DESKTOP-8CB76R1",
    "USERDOMAIN_ROAMINGPROFILE": "DESKTOP-8CB76R1",
    "USERNAME": "HP",
    "USERPROFILE": "C:\\Users\\HP",
    "VBOX_MSI_INSTALL_PATH": "C:\\Program Files\\Oracle\\VirtualBox\\",
    "VisualStudioDir": "C:\\Users\\HP\\Documents\\Visual Studio 2019",
    "VisualStudioEdition": "Microsoft Visual Studio Community 2019",
    "VisualStudioVersion": "16.0",
    "VS140COMNTOOLS": "C:\\Program Files (x86)\\Microsoft Visual Studio 14.0\\Common7\\Tools\\",
    "VSAPPIDDIR": "C:\\Program Files (x86)\\Microsoft Visual Studio\\2019\\Community\\Common7\\IDE\\",
    "VSAPPIDNAME": "devenv.exe",
    "VSLANG": "1033",
    "VSSKUEDITION": "Community",
    "windir": "C:\\Windows",
    "_prog": "node"
  },
  "sharedObjects": [
    "C:\\Program Files\\nodejs\\node.exe",
    "C:\\Windows\\SYSTEM32\\ntdll.dll",
    "C:\\Windows\\System32\\KERNEL32.DLL",
    "C:\\Windows\\System32\\KERNELBASE.dll",
    "C:\\Windows\\System32\\WS2_32.dll",
    "C:\\Windows\\System32\\RPCRT4.dll",
    "C:\\Windows\\System32\\PSAPI.DLL",
    "C:\\Windows\\System32\\ADVAPI32.dll",
    "C:\\Windows\\System32\\msvcrt.dll",
    "C:\\Windows\\System32\\sechost.dll",
    "C:\\Windows\\System32\\USER32.dll",
    "C:\\Windows\\System32\\win32u.dll",
    "C:\\Windows\\System32\\GDI32.dll",
    "C:\\Windows\\System32\\gdi32full.dll",
    "C:\\Windows\\System32\\msvcp_win.dll",
    "C:\\Windows\\System32\\ucrtbase.dll",
    "C:\\Windows\\System32\\CRYPT32.dll",
    "C:\\Windows\\System32\\MSASN1.dll",
    "C:\\Windows\\SYSTEM32\\dbghelp.dll",
    "C:\\Windows\\SYSTEM32\\IPHLPAPI.DLL",
    "C:\\Windows\\SYSTEM32\\USERENV.dll",
    "C:\\Windows\\System32\\profapi.dll",
    "C:\\Windows\\SYSTEM32\\bcrypt.dll",
    "C:\\Windows\\SYSTEM32\\WINMM.dll",
    "C:\\Windows\\SYSTEM32\\WINMMBASE.dll",
    "C:\\Windows\\System32\\cfgmgr32.dll",
    "C:\\Windows\\System32\\IMM32.DLL",
    "C:\\Windows\\System32\\powrprof.dll",
    "C:\\Windows\\SYSTEM32\\CRYPTBASE.DLL",
    "C:\\Windows\\System32\\bcryptPrimitives.dll",
    "C:\\Windows\\system32\\uxtheme.dll",
    "C:\\Windows\\System32\\combase.dll",
    "C:\\Windows\\system32\\mswsock.dll",
    "C:\\Windows\\System32\\kernel.appcore.dll",
    "C:\\Windows\\System32\\NSI.dll",
    "C:\\Windows\\SYSTEM32\\dhcpcsvc6.DLL",
    "C:\\Windows\\SYSTEM32\\dhcpcsvc.DLL",
    "C:\\Windows\\system32\\napinsp.dll",
    "C:\\Windows\\system32\\pnrpnsp.dll",
    "C:\\Windows\\system32\\NLAapi.dll",
    "C:\\Windows\\SYSTEM32\\DNSAPI.dll",
    "C:\\Windows\\System32\\winrnr.dll",
    "C:\\Windows\\System32\\wshbth.dll"
  ]
}